{
  "kango_version": "1.2.4 744e69cf4136", 
  "content_scripts": [
    "js/inject.js"
  ], 
  "description": "Tesera Notifier extension by nastolkus and SkAZi", 
  "name": "Tesera Notifier", 
  "creator": "nastolkus, SkAZi", 
  "background_scripts": [
    "js/lib/zepto.js", 
    "js/core.js", 
    "js/models.js", 
    "js/background.js"
  ], 
  "homepage_url": "http://nastolkus.com/naster/", 
  "version": "2.0.1", 
  "id": "kpffcgipmkpapkijdjpidjgombeheglb", 
  "browser_button": {
    "caption": "Tesera Notifier", 
    "tooltipText": "Tesera Notifier", 
    "popup": {
      "url": "popup.html", 
      "width": 400, 
      "height": 500
    }, 
    "icon": "icons/button.png"
  }
}